loss,val_loss,phase
0.017071275,0.020253386,teacher_forcing
0.010328623,0.019441832,teacher_forcing
0.010790752,0.018277979,teacher_forcing
0.012759225,0.019258937,masked_modeling
0.011317495,0.01789062,scheduled_sampling
