loss,val_loss,phase
0.0010946735,0.07242854,teacher_forcing
5.1270463e-06,0.07051974,teacher_forcing
0.013393005,0.020974064,masked_modeling
0.011685947,0.019943956,masked_modeling
0.012714638,0.022842653,noise_robustness
